name,population_2020,latitude,longitude
Albalate,293,,
Bagongon,707,,
Bangon,272,,
Basiao,700,,
Buluan,791,,
Bunuanan,4786,,
Cabugawan,964,,
Cagudalo,275,,
Cagusipan,231,,
Cagutian,235,,
Cagutsan,1215,,
Canhawan Gote,307,,
Canlapwas,11805,,
Cawayan,165,,
Cinco,865,,
Darahuway Daco,810,,
Darahuway Gote,689,,
Estaka,1148,,
Guindaponan,3597,,
Guinsorongan,4255,,
Ibol,541,,
Iguid,1697,,
Lagundi,1023,,
Libas,325,,
Lobo,186,,
Manguehay,135,,
Maulong,5954,,
Mercedes,12281,,
Mombon,861,,
Muñoz,1712,,
New Mahayag,1393,,
Old Mahayag,1434,,
Palanyogon,320,,
Pangdan,3334,,
Payao,2093,,
Poblacion 1,1238,,
Poblacion 2,799,,
Poblacion 3,3102,,
Poblacion 4,1038,,
Poblacion 5,537,,
Poblacion 6,1344,,
Poblacion 7,1368,,
Poblacion 8,1169,,
Poblacion 9,2988,,
Poblacion 10,1838,,
Poblacion 11,1027,,
Poblacion 12,620,,
Poblacion 13,4266,,
Pupua,1594,,
Rama,1683,,
San Andres,5898,,
San Pablo,1209,,
San Roque,1454,,
San Vicente,936,,
Silanga,2974,,
Socorro,1773,,
Totoringon,186,,
